Series Name,Series Code,Country Name,Country Code,1990 [YR1990],2000 [YR2000],2012 [YR2012],2013 [YR2013],2014 [YR2014],2015 [YR2015],2016 [YR2016],2017 [YR2017],2018 [YR2018],2019 [YR2019],2020 [YR2020],2021 [YR2021]
Bank Z-score,GFDD.SI.01,East Asia & Pacific (IDA total),DEA,..,..,..,..,..,..,..,..,..,..,..,..
Bank Z-score,GFDD.SI.01,Europe & Central Asia (IDA total),DEC,..,..,..,..,..,..,..,..,..,..,..,..
Bank Z-score,GFDD.SI.01,IBRD only,IBD,..,..,..,..,..,..,..,..,..,..,..,..
Bank Z-score,GFDD.SI.01,IDA total,IDA,..,..,..,..,..,..,..,..,..,..,..,..
Bank Z-score,GFDD.SI.01,Latin America & Caribbean (IDA total),DLA,..,..,..,..,..,..,..,..,..,..,..,..
Bank Z-score,GFDD.SI.01,Least developed countries: UN classification,LDC,..,..,..,..,..,..,..,..,..,..,..,..
Bank Z-score,GFDD.SI.01,Middle East & North Africa (IDA total),DMN,..,..,..,..,..,..,..,..,..,..,..,..
Bank Z-score,GFDD.SI.01,Small island developing states: UN classification,SID,..,..,..,..,..,..,..,..,..,..,..,..
Bank Z-score,GFDD.SI.01,South Asia (IDA total),DSA,..,..,..,..,..,..,..,..,..,..,..,..
Bank Z-score,GFDD.SI.01,Sub-Saharan Africa (IDA total),DSS,..,..,..,..,..,..,..,..,..,..,..,..
Bank Z-score,GFDD.SI.01,Afghanistan,AFG,..,..,18.89366,18.98689,16.59461,16.86543,19.55651,17.73415,17.00372,19.31851,17.68296,24.91561
Bank Z-score,GFDD.SI.01,Albania,ALB,..,22.70429,22.32134,22.08734,22.15308,22.14953,23.78067,21.7047,19.98183,20.55072,20.24314,19.05608
Bank Z-score,GFDD.SI.01,Algeria,DZA,..,8.788944,20.49009,20.54717,18.82034,19.96733,22.13776,23.12142,24.28966,22.43565,24.82232,..
Bank Z-score,GFDD.SI.01,Andorra,AND,..,32.94271,28.4331,29.63145,28.30516,31.50115,21.04386,25.39093,25.15558,27.46493,29.13949,..
Bank Z-score,GFDD.SI.01,Angola,AGO,..,..,9.03674,9.455144,8.564436,8.2767,8.226519,8.975831,12.03643,15.27698,8.44287,15.54836
Bank Z-score,GFDD.SI.01,Antigua and Barbuda,ATG,..,18.29223,..,..,..,..,..,..,..,..,..,..
Bank Z-score,GFDD.SI.01,Argentina,ARG,..,4.915412,7.497633,7.65534,8.4206,8.448619,7.426713,7.50613,7.21939,9.317062,9.249464,9.083421
Bank Z-score,GFDD.SI.01,Armenia,ARM,..,9.300473,16.44,15.40515,13.38436,13.70702,14.90953,14.88844,14.4391,14.2648,12.8254,12.31924
Bank Z-score,GFDD.SI.01,Aruba,ABW,..,..,..,..,..,..,..,..,..,..,..,..
Bank Z-score,GFDD.SI.01,Australia,AUS,..,10.741,13.89547,13.73787,13.48903,13.33152,12.99751,13.63942,13.97005,13.46988,13.24647,14.14526
Bank Z-score,GFDD.SI.01,Austria,AUT,..,19.72025,22.59156,27.50797,26.82064,30.07913,32.52342,34.54782,35.68405,36.66615,31.84211,30.90653
Bank Z-score,GFDD.SI.01,Azerbaijan,AZE,..,7.194723,5.090334,5.775506,6.574747,1.471681,3.811226,5.979235,5.460769,5.426664,5.39014,4.744682
Bank Z-score,GFDD.SI.01,"Bahamas, The",BHS,..,16.78018,17.84337,17.16841,12.99366,15.2718,16.34087,17.4459,17.77508,15.69522,13.54524,13.22551
Bank Z-score,GFDD.SI.01,Bahrain,BHR,..,6.692049,7.485067,8.06957,8.107829,8.311663,8.660233,8.824603,8.34296,8.855496,7.434731,7.814275
Bank Z-score,GFDD.SI.01,Bangladesh,BGD,..,13.40177,15.32456,17.39595,16.54761,17.40561,14.90764,14.76704,14.11607,14.0125,13.64848,12.7788
Bank Z-score,GFDD.SI.01,Barbados,BRB,..,16.32253,16.24925,17.49197,18.66439,16.59562,17.0683,14.93573,..,..,13.33107,13.9577
Bank Z-score,GFDD.SI.01,Belarus,BLR,..,37.27287,20.06017,20.09407,19.87708,16.10306,16.9789,18.70259,18.86887,18.61382,17.6692,17.12395
Bank Z-score,GFDD.SI.01,Belgium,BEL,..,7.882141,12.44705,14.23736,14.36594,15.67043,16.37894,18.16668,17.78204,18.25408,16.52576,15.4485
Bank Z-score,GFDD.SI.01,Belize,BLZ,..,..,..,..,..,8.833839,8.181306,10.25167,10.3004,9.817226,6.773071,..
Bank Z-score,GFDD.SI.01,Benin,BEN,..,12.91856,14.32835,12.0286,..,9.922345,8.608675,7.838364,11.88513,11.90162,..,..
Bank Z-score,GFDD.SI.01,Bermuda,BMU,..,..,25.20727,19.62559,22.03606,22.614,21.16991,23.82868,26.09518,22.26934,20.18716,18.72809
Bank Z-score,GFDD.SI.01,Bhutan,BTN,..,..,..,23.08103,21.42044,21.60773,19.42956,18.26993,18.50756,16.36592,11.20364,12.46007
Bank Z-score,GFDD.SI.01,Bolivia,BOL,..,10.30406,12.22055,11.04395,10.94711,10.18686,10.6695,9.5578,9.244541,9.595237,8.104293,8.322064
Bank Z-score,GFDD.SI.01,Bosnia and Herzegovina,BIH,..,22.70304,18.76711,17.76029,18.65933,17.95149,18.51242,18.97532,17.08238,16.79659,15.29625,15.29255
Bank Z-score,GFDD.SI.01,Botswana,BWA,..,9.010239,8.96806,9.692696,9.374351,8.128801,8.435014,8.347235,8.37,8.500373,8.288707,9.001644
Bank Z-score,GFDD.SI.01,Brazil,BRA,..,15.42642,14.96336,14.53454,14.76513,15.58268,15.95113,16.98571,16.93262,18.54721,15.71668,16.35463
Bank Z-score,GFDD.SI.01,British Virgin Islands,VGB,..,..,..,..,..,..,..,..,..,..,..,..
Bank Z-score,GFDD.SI.01,Brunei Darussalam,BRN,..,..,..,..,..,..,..,..,..,..,..,..
Bank Z-score,GFDD.SI.01,Bulgaria,BGR,..,14.27572,8.641701,8.415757,8.748191,8.708157,9.149668,8.928413,8.719459,8.123374,7.749717,7.869337
Bank Z-score,GFDD.SI.01,Burkina Faso,BFA,..,8.247678,10.22394,10.56312,9.803467,8.678128,9.226456,9.320739,9.451686,9.860801,9.561109,..
Bank Z-score,GFDD.SI.01,Burundi,BDI,..,15.91231,15.15737,12.32024,..,15.64894,14.90026,14.72019,14.59352,16.97139,18.15346,18.70014
Bank Z-score,GFDD.SI.01,Cabo Verde,CPV,..,..,20.33684,20.17573,19.79964,20.58774,20.14221,19.36932,18.53158,22.8945,25.47081,27.08953
Bank Z-score,GFDD.SI.01,Cambodia,KHM,..,..,27.55399,28.38683,26.16084,26.17611,25.0181,25.39946,25.48395,26.36913,26.42809,26.77147
Bank Z-score,GFDD.SI.01,Cameroon,CMR,..,10.84481,9.855334,12.00264,9.666199,10.15607,9.955661,10.53425,8.825315,9.844123,10.58627,..
Bank Z-score,GFDD.SI.01,Canada,CAN,..,16.64024,13.65419,13.66008,13.69585,13.88616,14.19255,14.48891,14.37822,14.20599,13.06755,13.85122
Bank Z-score,GFDD.SI.01,Cayman Islands,CYM,..,18.46268,26.23828,..,..,18.50337,17.26295,..,..,..,..,..
Bank Z-score,GFDD.SI.01,Central African Republic,CAF,..,..,..,..,..,..,..,..,..,..,..,..
Bank Z-score,GFDD.SI.01,Chad,TCD,..,15.83733,11.72726,11.0981,..,8.117155,8.417172,..,..,..,..,..
Bank Z-score,GFDD.SI.01,Channel Islands,CHI,..,..,..,..,..,..,..,..,..,..,..,..
Bank Z-score,GFDD.SI.01,Chile,CHL,..,9.388548,9.288716,9.083609,9.340874,8.528882,8.49224,8.689783,8.552716,7.761494,6.652649,7.446439
Bank Z-score,GFDD.SI.01,China,CHN,..,19.23762,19.79619,19.63847,20.26328,23.62905,21.81829,22.5563,23.32925,24.55772,24.44535,25.01797
Bank Z-score,GFDD.SI.01,Colombia,COL,..,2.12443,5.837483,..,..,6.413251,6.471997,5.932585,6.019376,6.134324,5.253978,4.320385
Bank Z-score,GFDD.SI.01,Comoros,COM,..,..,..,..,..,..,..,..,..,..,..,..
Bank Z-score,GFDD.SI.01,"Congo, Dem. Rep.",COD,..,18.37744,9.916953,9.771398,10.6012,8.892292,7.481957,7.104617,8.548488,7.424381,5.636406,..
Bank Z-score,GFDD.SI.01,"Congo, Rep.",COG,..,..,..,..,..,..,..,..,..,..,..,..
Bank Z-score,GFDD.SI.01,Costa Rica,CRI,..,20.83077,21.49812,20.18664,17.49226,17.436,20.19376,18.72457,19.15008,20.40005,18.81415,19.60885
Bank Z-score,GFDD.SI.01,Cote d'Ivoire,CIV,..,17.31451,17.64459,17.57693,16.24919,16.3723,16.23994,16.31917,16.5086,17.51922,16.94303,19.02191
Bank Z-score,GFDD.SI.01,Croatia,HRV,..,6.617574,7.861647,7.394768,7.605237,6.566321,8.026342,8.239655,7.880998,7.937998,7.289279,7.392629
Bank Z-score,GFDD.SI.01,Cuba,CUB,..,14.22871,..,..,..,22.1516,19.88058,18.41802,18.59676,19.55267,22.44986,..
Bank Z-score,GFDD.SI.01,Curaçao,CUW,..,14.89204,8.28106,7.078376,11.19544,12.06164,11.69734,9.513255,10.97103,11.20895,10.57251,11.01254
Bank Z-score,GFDD.SI.01,Cyprus,CYP,..,9.54219,8.428222,9.23225,8.272057,8.268928,9.832859,7.110081,7.88143,8.028267,7.120387,6.074417
Bank Z-score,GFDD.SI.01,Czech Republic,CZE,..,8.341993,12.21091,11.67634,12.24763,12.14578,11.56156,10.4291,10.2291,10.83713,10.51501,10.34125
Bank Z-score,GFDD.SI.01,Denmark,DNK,..,20.06971,16.10142,18.28209,18.40098,24.38521,..,..,25.77088,25.57506,22.6822,26.42471
Bank Z-score,GFDD.SI.01,Djibouti,DJI,..,..,15.9094,17.0551,13.68825,11.8607,..,10.34672,13.12097,16.97244,..,..
Bank Z-score,GFDD.SI.01,Dominica,DMA,..,..,..,..,..,..,..,..,..,..,..,..
Bank Z-score,GFDD.SI.01,Dominican Republic,DOM,..,32.974,33.06392,32.09081,31.62562,36.20605,38.14822,34.46243,34.36922,34.62232,31.06544,32.58395
Bank Z-score,GFDD.SI.01,Ecuador,ECU,..,5.890882,10.94596,10.14678,10.07726,11.11825,10.61249,11.06853,10.69763,10.8558,9.297792,9.514566
Bank Z-score,GFDD.SI.01,"Egypt, Arab Rep.",EGY,..,15.10386,20.00707,20.85235,21.54306,21.43956,19.92265,21.54849,20.86885,23.47762,22.12914,20.59571
Bank Z-score,GFDD.SI.01,El Salvador,SLV,..,15.62581,26.77973,26.22984,24.32444,22.07014,20.30752,21.02519,20.48226,20.60951,19.58387,20.56678
Bank Z-score,GFDD.SI.01,Equatorial Guinea,GNQ,..,..,..,..,..,..,..,..,..,..,..,..
Bank Z-score,GFDD.SI.01,Eritrea,ERI,..,..,..,..,..,..,..,..,..,..,..,..
Bank Z-score,GFDD.SI.01,Estonia,EST,..,11.10543,11.60134,13.33931,12.67973,12.61989,9.927593,9.926767,9.10916,8.922285,8.281074,8.421521
Bank Z-score,GFDD.SI.01,Eswatini,SWZ,..,..,25.19922,22.00786,23.63356,24.72169,24.39738,24.12191,22.89897,24.41746,..,..
Bank Z-score,GFDD.SI.01,Ethiopia,ETH,..,8.656344,12.38283,10.14572,8.62554,8.840451,8.479112,11.29838,9.96612,9.928329,9.03286,11.55515
Bank Z-score,GFDD.SI.01,Faroe Islands,FRO,..,..,..,..,..,..,..,..,..,..,..,..
Bank Z-score,GFDD.SI.01,Fiji,FJI,..,..,..,..,..,26.31531,27.55059,27.2409,28.90173,31.69231,28.73934,33.01206
Bank Z-score,GFDD.SI.01,Finland,FIN,..,13.11089,8.522068,9.557652,9.067446,11.05559,15.04451,13.97095,17.20489,16.28398,17.83522,17.11392
Bank Z-score,GFDD.SI.01,France,FRA,..,19.75932,16.91441,19.35971,16.62016,18.60366,19.79079,20.00664,19.20898,19.79179,18.992,19.97747
Bank Z-score,GFDD.SI.01,French Polynesia,PYF,..,..,..,..,..,..,..,..,..,..,..,..
Bank Z-score,GFDD.SI.01,Gabon,GAB,..,..,17.34224,21.20304,14.75315,12.30445,15.34644,15.17335,16.20967,16.63204,..,..
Bank Z-score,GFDD.SI.01,"Gambia, The",GMB,..,..,..,..,..,13.49336,13.95776,13.87274,14.03069,13.33075,10.93436,..
Bank Z-score,GFDD.SI.01,Georgia,GEO,..,12.13904,9.618122,10.5402,10.48764,7.856631,7.087701,7.838501,7.368607,7.351558,6.229876,7.905212
Bank Z-score,GFDD.SI.01,Germany,DEU,..,15.08377,12.77894,15.58472,16.60348,16.08827,16.76427,18.60744,22.48842,16.76535,15.46659,16.04881
Bank Z-score,GFDD.SI.01,Ghana,GHA,..,..,13.40157,14.68872,13.386,13.37064,12.63036,13.94477,13.92056,14.12575,14.15553,13.92242
Bank Z-score,GFDD.SI.01,Gibraltar,GIB,..,..,..,..,..,..,..,..,..,..,..,..
Bank Z-score,GFDD.SI.01,Greece,GRC,..,..,2.27715,7.468579,5.429644,5.945258,7.967101,9.335051,7.744936,7.77626,7.356091,6.641998
Bank Z-score,GFDD.SI.01,Greenland,GRL,..,..,..,..,..,..,..,..,..,..,..,..
Bank Z-score,GFDD.SI.01,Grenada,GRD,..,..,..,..,..,..,..,..,..,..,..,..
Bank Z-score,GFDD.SI.01,Guam,GUM,..,..,..,..,..,..,..,..,..,..,..,..
Bank Z-score,GFDD.SI.01,Guatemala,GTM,..,27.90404,29.66189,30.36126,30.54368,30.32703,29.15103,30.12516,30.28761,31.63215,29.76083,30.71606
Bank Z-score,GFDD.SI.01,Guinea,GIN,..,..,23.34181,24.32562,..,23.25316,27.55684,27.94649,26.72409,26.6458,25.43583,..
Bank Z-score,GFDD.SI.01,Guinea-Bissau,GNB,..,..,..,..,..,..,..,..,..,..,..,..
Bank Z-score,GFDD.SI.01,Guyana,GUY,..,16.90548,21.20683,21.45928,23.95271,28.44514,27.6426,29.58506,29.90983,29.48428,27.29902,26.12195
Bank Z-score,GFDD.SI.01,Haiti,HTI,..,..,11.10097,12.03902,12.30199,11.69901,14.86317,16.87527,12.95728,12.23497,13.172,11.54701
Bank Z-score,GFDD.SI.01,Honduras,HND,..,27.80569,29.45166,28.76967,28.98955,33.64914,34.15448,32.48211,31.68338,31.60967,27.60089,28.60143
Bank Z-score,GFDD.SI.01,"Hong Kong SAR, China",HKG,..,28.18801,15.40095,18.59706,18.38844,21.06087,19.90074,20.23917,20.58956,20.99495,20.07034,19.74722
Bank Z-score,GFDD.SI.01,Hungary,HUN,..,5.955592,7.459937,8.120221,6.695463,8.316404,9.585453,9.697723,9.478704,9.339087,7.338471,7.074254
Bank Z-score,GFDD.SI.01,Iceland,ISL,..,0.4460764,1.373734,1.44737,1.604244,5.466418,1.665123,1.555702,1.348341,1.302398,1.22992,1.276241
Bank Z-score,GFDD.SI.01,India,IND,..,12.8874,17.02201,17.16692,16.44565,16.17971,17.14082,15.45114,16.4891,17.56805,19.00172,19.43808
Bank Z-score,GFDD.SI.01,Indonesia,IDN,..,2.127169,4.466622,4.511139,4.607392,4.737085,5.101857,5.249229,5.272263,5.495973,4.944037,5.274584
Bank Z-score,GFDD.SI.01,"Iran, Islamic Rep.",IRN,..,..,..,..,..,..,..,..,..,..,..,..
Bank Z-score,GFDD.SI.01,Iraq,IRQ,..,..,19.23451,24.16522,24.77637,15.28461,19.44309,19.81134,17.83978,15.62685,13.96709,37.25005
Bank Z-score,GFDD.SI.01,Ireland,IRL,..,2.883734,6.780249,6.858834,10.70941,16.06367,14.43176,14.6578,15.39093,15.26282,11.42363,10.9863
Bank Z-score,GFDD.SI.01,Isle of Man,IMN,..,..,..,..,..,..,..,..,..,..,..,..
Bank Z-score,GFDD.SI.01,Israel,ISR,..,26.13298,31.12056,32.07264,31.43754,29.72975,30.28489,31.23741,32.04547,32.36272,28.46502,29.30272
Bank Z-score,GFDD.SI.01,Italy,ITA,..,11.04384,13.69699,10.923,12.98474,14.51827,11.89046,15.72168,14.28886,13.60503,11.82571,13.16945
Bank Z-score,GFDD.SI.01,Jamaica,JAM,..,..,19.91226,17.7556,18.18909,20.69767,18.98878,17.78896,17.92842,18.18927,17.06366,15.47712
Bank Z-score,GFDD.SI.01,Japan,JPN,..,15.58677,16.07545,17.22339,17.33325,17.35316,16.86931,16.95478,16.26689,14.27734,14.28424,12.85732
Bank Z-score,GFDD.SI.01,Jordan,JOR,..,29.47083,61.39158,62.43721,55.66782,54.55595,56.04966,55.93142,55.21555,54.2682,50.48962,50.10564
Bank Z-score,GFDD.SI.01,Kazakhstan,KAZ,..,3.638269,2.888314,2.447769,2.330827,2.022221,2.061025,2.127621,2.589877,3.061974,2.811964,2.950683
Bank Z-score,GFDD.SI.01,Kenya,KEN,..,16.15675,22.17769,22.99755,25.37654,21.19606,23.69231,24.62016,23.96219,24.18792,21.51275,23.23094
Bank Z-score,GFDD.SI.01,Kiribati,KIR,..,..,..,..,..,..,..,..,..,..,..,..
Bank Z-score,GFDD.SI.01,"Korea, Dem. Rep.",PRK,..,..,..,..,..,..,..,..,..,..,..,..
Bank Z-score,GFDD.SI.01,"Korea, Rep.",KOR,..,7.188823,11.91095,11.80614,11.51376,10.98631,11.16038,11.6591,11.44263,11.27304,10.48836,10.19327
Bank Z-score,GFDD.SI.01,Kosovo,XKX,..,..,..,..,..,..,..,..,..,..,..,..
Bank Z-score,GFDD.SI.01,Kuwait,KWT,..,15.09553,18.24903,16.96409,15.78601,16.55494,16.71043,16.65886,17.17954,17.63516,16.10375,16.57787
Bank Z-score,GFDD.SI.01,Kyrgyz Republic,KGZ,..,23.76618,17.91123,16.64027,14.94015,14.13635,15.35707,16.07154,15.92686,16.8391,16.39312,14.62098
Bank Z-score,GFDD.SI.01,Lao PDR,LAO,..,..,11.36226,15.68997,12.22057,11.45338,9.661771,11.69519,12.10984,10.80275,9.840033,19.47947
Bank Z-score,GFDD.SI.01,Latvia,LVA,..,5.776068,6.852037,7.21825,7.384685,8.277837,8.138029,7.095502,8.351654,7.930617,6.765033,7.114153
Bank Z-score,GFDD.SI.01,Lebanon,LBN,..,15.96243,20.166,19.7054,19.9906,20.47624,20.62111,20.47074,18.79907,14.52089,17.7362,20.1897
Bank Z-score,GFDD.SI.01,Lesotho,LSO,..,16.63031,18.7845,17.15207,18.02627,17.66736,21.73222,20.05368,19.59272,22.37866,20.19481,16.92211
Bank Z-score,GFDD.SI.01,Liberia,LBR,..,..,..,..,..,6.730481,8.177073,7.988188,9.941512,9.998554,6.244452,9.723547
Bank Z-score,GFDD.SI.01,Libya,LBY,..,24.99412,49.8479,43.78758,33.48941,24.39205,19.04932,21.22112,24.68672,26.63289,32.0531,..
Bank Z-score,GFDD.SI.01,Liechtenstein,LIE,..,..,..,..,..,..,..,..,..,..,..,..
Bank Z-score,GFDD.SI.01,Lithuania,LTU,..,6.912165,7.503041,8.231067,7.878546,8.752463,7.18599,6.807589,6.853796,6.270332,5.52647,5.122434
Bank Z-score,GFDD.SI.01,Luxembourg,LUX,..,24.13867,41.28843,44.26462,38.70667,46.61733,54.32573,57.44071,53.49949,55.10573,54.36499,51.66831
Bank Z-score,GFDD.SI.01,"Macao SAR, China",MAC,..,36.80785,18.66265,17.05116,17.12971,22.87301,22.864,23.34351,23.13064,22.96726,22.18295,20.2597
Bank Z-score,GFDD.SI.01,Madagascar,MDG,..,15.84935,13.12575,15.21086,16.85603,18.53925,16.61008,16.45541,16.66277,15.92543,14.06469,..
Bank Z-score,GFDD.SI.01,Malawi,MWI,..,14.71622,16.93449,18.55195,21.38731,17.33309,16.3916,15.36753,15.4544,16.12405,16.98583,14.50642
Bank Z-score,GFDD.SI.01,Malaysia,MYS,..,16.62093,19.24909,19.0734,19.77577,16.5578,18.00918,19.69873,20.40258,21.13619,20.40033,20.71885
Bank Z-score,GFDD.SI.01,Maldives,MDV,..,..,..,..,..,..,18.85819,18.73351,19.15519,18.9871,14.79171,..
Bank Z-score,GFDD.SI.01,Mali,MLI,..,13.76883,19.01946,16.00088,12.17493,13.5586,13.93234,13.06048,14.88264,14.01081,12.82675,..
Bank Z-score,GFDD.SI.01,Malta,MLT,..,18.14401,26.66566,26.27657,19.47697,18.29171,18.69421,20.53146,19.53803,20.78991,19.10613,18.40884
Bank Z-score,GFDD.SI.01,Marshall Islands,MHL,..,..,..,..,..,..,..,..,..,..,..,..
Bank Z-score,GFDD.SI.01,Mauritania,MRT,..,27.14493,21.61819,25.43288,23.91242,24.95151,21.39767,20.30035,24.45073,21.98047,23.53199,..
Bank Z-score,GFDD.SI.01,Mauritius,MUS,..,28.60228,17.53375,17.24109,15.97996,17.02521,16.75397,17.02202,17.68518,16.01738,14.39066,10.95238
Bank Z-score,GFDD.SI.01,Mexico,MEX,..,18.50949,14.99272,19.81271,18.84009,22.39428,19.35907,21.13066,21.71797,22.35756,20.47244,23.75342
Bank Z-score,GFDD.SI.01,"Micronesia, Fed. Sts.",FSM,..,..,..,..,..,..,..,..,..,..,..,..
Bank Z-score,GFDD.SI.01,Moldova,MDA,..,13.22522,8.629447,8.458534,6.707672,8.596913,9.396053,9.310052,9.097478,9.961493,9.040374,8.722918
Bank Z-score,GFDD.SI.01,Monaco,MCO,..,103.1545,..,..,..,..,..,..,..,..,..,..
Bank Z-score,GFDD.SI.01,Mongolia,MNG,..,39.19791,27.65587,26.49039,29.4281,37.57253,36.04773,37.57542,36.64899,34.44346,36.30239,36.25018
Bank Z-score,GFDD.SI.01,Montenegro,MNE,..,..,6.395607,9.251592,10.42877,8.815902,8.939162,9.150633,9.301689,9.970045,9.419744,8.927644
Bank Z-score,GFDD.SI.01,Morocco,MAR,..,41.06769,40.08586,39.99622,42.38619,41.86846,43.3387,42.1162,41.84574,44.51421,41.71841,42.40052
Bank Z-score,GFDD.SI.01,Mozambique,MOZ,..,..,5.611869,5.233314,5.422138,5.312698,5.308121,7.122042,6.786724,6.985748,5.940557,7.062472
Bank Z-score,GFDD.SI.01,Myanmar,MMR,..,..,5.423186,3.098038,2.775956,6.443028,6.535042,5.645101,6.971704,7.482056,7.592739,7.594283
Bank Z-score,GFDD.SI.01,Namibia,NAM,..,..,25.26302,21.62047,21.85556,25.37547,25.55405,26.93535,25.31444,24.37314,25.25618,23.72112
Bank Z-score,GFDD.SI.01,Nauru,NRU,..,..,..,..,..,..,..,..,..,..,..,..
Bank Z-score,GFDD.SI.01,Nepal,NPL,..,20.44254,27.58294,25.40979,24.46841,26.58828,28.35333,35.6377,35.74821,33.88417,30.41902,28.87113
Bank Z-score,GFDD.SI.01,Netherlands,NLD,..,17.24958,8.412597,8.942967,9.642394,9.511075,11.03037,12.20702,12.15548,13.05325,12.50759,13.0423
Bank Z-score,GFDD.SI.01,New Caledonia,NCL,..,..,..,..,..,..,..,..,..,..,..,..
Bank Z-score,GFDD.SI.01,New Zealand,NZL,..,..,37.26256,41.52512,40.38385,42.18798,42.01978,43.05983,43.92428,43.03194,41.67757,44.78266
Bank Z-score,GFDD.SI.01,Nicaragua,NIC,..,13.11015,17.92966,18.28453,18.50164,19.46932,19.82819,20.62994,23.91312,25.54876,24.29852,25.13264
Bank Z-score,GFDD.SI.01,Niger,NER,..,12.21779,16.5979,16.61559,15.53562,17.69081,11.95529,14.26589,13.56817,14.38157,..,..
Bank Z-score,GFDD.SI.01,Nigeria,NGA,..,12.21564,17.77566,16.28585,16.4411,16.78471,16.43923,18.36757,14.80313,15.37705,13.62957,12.19272
Bank Z-score,GFDD.SI.01,North Macedonia,MKD,..,15.34952,9.64795,9.987813,9.87875,10.20535,10.55469,11.05696,11.10239,11.19481,11.27912,9.520221
Bank Z-score,GFDD.SI.01,Norway,NOR,..,8.611606,8.035648,8.557817,8.873162,10.52222,11.29774,11.44286,12.59829,12.82647,13.04555,12.5704
Bank Z-score,GFDD.SI.01,Oman,OMN,..,15.67961,15.2999,15.59619,14.93049,16.71706,17.84947,19.41836,19.60067,19.83832,19.42753,19.64149
Bank Z-score,GFDD.SI.01,Pakistan,PAK,..,7.741141,13.29162,11.91086,13.11812,12.2764,11.63105,9.721706,9.251515,9.704996,10.05904,8.854549
Bank Z-score,GFDD.SI.01,Palau,PLW,..,..,..,..,..,..,..,..,..,..,..,..
Bank Z-score,GFDD.SI.01,Panama,PAN,..,35.92801,31.7932,29.70273,31.2068,38.63454,38.68009,40.26882,41.44457,43.10234,38.07178,40.39326
Bank Z-score,GFDD.SI.01,Papua New Guinea,PNG,..,..,13.47289,..,..,..,..,..,..,..,..,..
Bank Z-score,GFDD.SI.01,Paraguay,PRY,..,16.63985,16.69643,15.55966,15.52902,14.70127,15.5635,16.24234,16.14329,16.9332,15.72386,17.13345
Bank Z-score,GFDD.SI.01,Peru,PER,..,13.93316,16.88897,16.1249,16.43689,16.02168,17.77991,18.69089,19.55056,20.30264,14.65761,16.93897
Bank Z-score,GFDD.SI.01,Philippines,PHL,..,29.45958,23.33885,19.7629,19.79133,20.69572,20.51461,21.11479,21.54946,22.45145,22.16999,24.13341
Bank Z-score,GFDD.SI.01,Poland,POL,..,8.514822,10.08323,9.654583,9.930735,9.74675,9.633597,10.03586,9.395756,9.372567,8.105345,7.048028
Bank Z-score,GFDD.SI.01,Portugal,PRT,..,9.12691,10.34659,7.895902,9.327741,12.36677,10.70251,16.44999,16.8905,17.5525,15.55049,16.09242
Bank Z-score,GFDD.SI.01,Puerto Rico,PRI,..,..,..,..,..,..,..,..,..,..,..,..
Bank Z-score,GFDD.SI.01,Qatar,QAT,..,23.88985,26.31853,24.51735,23.9167,22.81017,20.25505,20.11039,20.28576,19.90375,18.67844,18.45945
Bank Z-score,GFDD.SI.01,Romania,ROU,..,18.0642,8.485225,9.323071,7.786754,10.88855,10.84487,11.23704,11.30402,11.0667,10.99972,10.34337
Bank Z-score,GFDD.SI.01,Russian Federation,RUS,..,12.82193,6.76555,6.807406,6.317936,5.400071,6.669628,7.379331,7.177286,7.673623,6.899168,6.866006
Bank Z-score,GFDD.SI.01,Rwanda,RWA,..,..,22.81995,17.65331,18.74671,20.39169,20.22506,18.42664,22.24675,23.55324,21.75867,21.42436
Bank Z-score,GFDD.SI.01,Samoa,WSM,..,..,..,..,..,..,..,..,..,..,..,..
Bank Z-score,GFDD.SI.01,San Marino,SMR,..,..,8.635167,8.504087,..,9.490186,9.715286,11.20281,..,..,..,..
Bank Z-score,GFDD.SI.01,Săo Tomé and Principe,STP,..,..,..,..,..,..,..,..,..,..,..,..
Bank Z-score,GFDD.SI.01,Saudi Arabia,SAU,..,14.78122,20.28142,20.13049,20.10879,20.9861,21.9313,23.45901,22.69943,23.47289,21.82094,24.37054
Bank Z-score,GFDD.SI.01,Senegal,SEN,..,14.39449,15.82616,16.22482,11.45501,12.98558,13.84004,14.24647,14.17325,15.72905,15.87033,..
Bank Z-score,GFDD.SI.01,Serbia,SRB,..,10.7852,13.56259,13.25022,13.18096,14.26519,13.32902,14.35747,13.33905,12.55498,11.06735,10.3452
Bank Z-score,GFDD.SI.01,Seychelles,SYC,..,..,16.37605,13.62648,..,16.14088,15.66881,15.03939,14.33822,13.49258,10.41336,..
Bank Z-score,GFDD.SI.01,Sierra Leone,SLE,..,9.566015,5.187551,2.794639,4.296255,3.957631,2.730522,4.344736,4.798911,6.342023,..,..
Bank Z-score,GFDD.SI.01,Singapore,SGP,..,33.07765,35.28123,29.91776,30.30799,31.09669,31.47979,30.39888,30.09148,30.40521,28.14932,28.62815
Bank Z-score,GFDD.SI.01,Sint Maarten (Dutch part),SXM,..,..,..,..,..,..,..,..,..,..,..,..
Bank Z-score,GFDD.SI.01,Slovak Republic,SVK,..,22.12504,26.04955,25.41874,25.37936,25.17801,24.57373,23.39309,22.45472,21.82637,21.19142,18.92566
Bank Z-score,GFDD.SI.01,Slovenia,SVN,..,3.912941,2.405031,-0.3259739,4.522314,5.031046,5.40246,5.510128,5.371148,5.114887,4.711134,4.485082
Bank Z-score,GFDD.SI.01,Solomon Islands,SLB,..,..,..,..,..,..,..,..,..,..,..,..
Bank Z-score,GFDD.SI.01,Somalia,SOM,..,..,..,..,..,..,..,..,..,..,..,..
Bank Z-score,GFDD.SI.01,South Africa,ZAF,..,22.8938,15.86341,14.81967,14.72688,14.85629,16.06648,17.25503,15.94073,15.87728,13.42673,15.46206
Bank Z-score,GFDD.SI.01,South Sudan,SSD,..,..,3.672943,4.130285,..,..,..,4.289039,6.846589,8.104209,..,..
Bank Z-score,GFDD.SI.01,Spain,ESP,..,19.12008,13.64231,17.31865,18.74563,20.02979,20.35452,19.42108,20.27938,20.44179,16.41497,16.91558
Bank Z-score,GFDD.SI.01,Sri Lanka,LKA,..,..,36.1428,36.00288,36.22636,35.51081,36.23138,38.6281,35.95676,37.86711,34.32776,35.08618
Bank Z-score,GFDD.SI.01,St. Kitts and Nevis,KNA,..,..,..,..,..,..,..,..,..,..,..,..
Bank Z-score,GFDD.SI.01,St. Lucia,LCA,..,..,2.21522,3.341492,..,..,-0.0174934,3.837077,4.902126,..,..,..
Bank Z-score,GFDD.SI.01,St. Vincent and the Grenadines,VCT,..,..,..,..,..,..,..,..,..,..,..,..
Bank Z-score,GFDD.SI.01,Sudan,SDN,..,10.18421,27.5923,..,..,..,..,..,..,..,..,..
Bank Z-score,GFDD.SI.01,Suriname,SUR,..,..,10.7328,10.90247,11.82271,11.31005,4.516824,6.575426,6.982873,8.664505,..,..
Bank Z-score,GFDD.SI.01,Sweden,SWE,..,19.96354,27.67975,32.0802,30.10648,35.28246,35.88554,36.46971,37.74024,37.49242,38.10057,39.34783
Bank Z-score,GFDD.SI.01,Switzerland,CHE,..,12.61913,11.64402,15.6484,14.9826,15.62121,16.85371,19.02053,19.26855,16.18968,16.76671,15.33865
Bank Z-score,GFDD.SI.01,Syrian Arab Republic,SYR,..,..,2.849408,3.063167,3.344634,6.838799,5.753487,3.419148,3.113435,2.623254,9.372055,8.792208
Bank Z-score,GFDD.SI.01,"Taiwan, China",TWN,..,18.08447,16.99432,17.17094,17.89856,17.84764,18.48705,18.83605,19.02076,19.53437,18.52908,17.83395
Bank Z-score,GFDD.SI.01,Tajikistan,TJK,..,..,9.731053,15.77714,..,11.55853,18.21367,21.07333,20.97309,18.69821,13.97075,15.34032
Bank Z-score,GFDD.SI.01,Tanzania,TZA,..,..,15.53863,18.02408,18.89168,19.10769,20.63968,19.81609,19.07788,19.88124,20.59105,22.17841
Bank Z-score,GFDD.SI.01,Thailand,THA,..,3.143433,6.889478,7.276725,7.410934,7.614891,7.903003,8.129345,8.163969,8.738443,8.126854,7.883829
Bank Z-score,GFDD.SI.01,Timor-Leste,TLS,..,..,..,..,..,..,..,..,..,..,..,..
Bank Z-score,GFDD.SI.01,Togo,TGO,..,..,9.926262,10.73865,..,5.290282,10.8687,8.087381,8.886737,9.571691,..,..
Bank Z-score,GFDD.SI.01,Tonga,TON,..,..,..,..,..,..,..,..,..,..,..,..
Bank Z-score,GFDD.SI.01,Trinidad and Tobago,TTO,..,17.23018,15.58006,13.2947,..,25.53329,23.41025,17.37579,..,23.68393,18.65594,21.36008
Bank Z-score,GFDD.SI.01,Tunisia,TUN,..,38.50254,27.04214,27.52403,31.44749,31.16502,32.3149,32.75764,32.28979,34.97545,34.96373,38.68149
Bank Z-score,GFDD.SI.01,Turkey,TUR,..,12.70103,12.54728,10.55661,11.04237,10.39792,10.64479,10.83999,10.53031,10.12361,9.152713,7.293731
Bank Z-score,GFDD.SI.01,Turkmenistan,TKM,..,..,..,..,..,43.35146,38.7388,36.26733,37.17676,40.62386,..,..
Bank Z-score,GFDD.SI.01,Turks and Caicos Islands,TCA,..,..,..,..,..,..,..,..,..,..,..,..
Bank Z-score,GFDD.SI.01,Tuvalu,TUV,..,..,..,..,..,..,..,..,..,..,..,..
Bank Z-score,GFDD.SI.01,Uganda,UGA,..,10.50185,15.23922,14.00582,14.16196,13.19216,15.14695,16.19445,15.02385,16.70738,15.13282,16.67534
Bank Z-score,GFDD.SI.01,Ukraine,UKR,..,6.197718,5.752451,5.549157,4.335921,4.351729,3.860387,4.761672,6.016317,8.60972,6.299481,5.184459
Bank Z-score,GFDD.SI.01,United Arab Emirates,ARE,..,26.48033,25.89978,25.6896,25.85413,26.12293,25.03958,26.54524,25.3181,24.59051,22.13758,22.2884
Bank Z-score,GFDD.SI.01,United Kingdom,GBR,..,15.59074,8.717099,9.626945,11.64929,18.29168,17.51455,15.88067,18.69784,18.37656,17.62722,18.10662
Bank Z-score,GFDD.SI.01,United States,USA,..,27.01785,33.74696,33.92561,34.10872,34.13966,33.66898,33.62495,34.68312,35.16919,30.29941,31.06195
Bank Z-score,GFDD.SI.01,Uruguay,URY,..,5.768299,6.347547,6.102961,5.608903,5.536208,6.04098,7.863129,7.47792,7.862775,6.931973,6.076103
Bank Z-score,GFDD.SI.01,Uzbekistan,UZB,..,22.17722,7.533541,7.400607,7.107892,8.791997,7.46652,10.16162,9.80123,13.91469,11.46811,11.21105
Bank Z-score,GFDD.SI.01,Vanuatu,VUT,..,..,..,..,..,..,..,..,..,..,..,..
Bank Z-score,GFDD.SI.01,"Venezuela, RB",VEN,..,9.530333,8.208526,7.061074,7.323114,..,..,..,12.87113,12.48392,15.00152,12.70259
Bank Z-score,GFDD.SI.01,Vietnam,VNM,..,9.61418,15.61944,15.32516,14.67904,13.85397,12.81347,12.60946,13.25171,13.02772,13.61867,14.66488
Bank Z-score,GFDD.SI.01,Virgin Islands (U.S.),VIR,..,..,..,..,..,..,..,..,..,..,..,..
Bank Z-score,GFDD.SI.01,West Bank and Gaza,PSE,..,..,..,..,..,..,..,..,..,..,..,..
Bank Z-score,GFDD.SI.01,"Yemen, Rep.",YEM,..,16.73997,24.42077,20.15785,..,18.60909,15.91475,16.7621,16.64952,17.66524,..,..
Bank Z-score,GFDD.SI.01,Zambia,ZMB,..,8.061995,10.19427,11.85641,12.87714,10.26718,10.32383,11.92899,8.958558,9.179658,6.457372,8.85603
Bank Z-score,GFDD.SI.01,Zimbabwe,ZWE,..,6.425017,5.439702,5.302338,5.057956,5.497109,5.268896,5.127896,5.264899,7.479496,7.084079,8.08499
,,,,,,,,,,,,,,,
,,,,,,,,,,,,,,,
,,,,,,,,,,,,,,,
Data from database: Global Financial Development,,,,,,,,,,,,,,,
Last Updated: 09/23/2022,,,,,,,,,,,,,,,
Code,Indicator Name,Short definition,Long definition,Source,Topic
GFDD.SI.01,Bank Z-score,It captures the probability of default of a country's commercial banking system. Z-score compares the buffer of a country's commercial banking system (capitalization and returns) with the volatility of those returns.,"It captures the probability of default of a country's banking system. Z-score compares the buffer of a country's banking system (capitalization and returns) with the volatility of those returns. It is estimated as (ROA+(equity/assets))/sd(ROA); sd(ROA) is the standard deviation of ROA, calculated for country-years with no less than 5 bank-level observations. ROA, equity, and assets are country-level aggregate figures. Calculated from underlying bank-by-bank unconsolidated data from Bankscope and Orbis. The result is not reported if a country-year has less than 3 bank-level observations.","Bankscope (2000-14) and Orbis (2015-21), Bureau van Dijk (BvD)",Stability
